Date,commit
2022-07-04,OpenGL
2022-07-04,SRTP
2022-07-05,English
2022-07-05,OpenGL
2022-07-05,SRTP
2022-07-05,Machine Learning
2022-07-06,English
2022-07-06,Visualization
2022-07-06,SRTP
2022-07-06,OpenGL
2022-07-07,English
2022-07-07,SRTP
2022-07-08,English
2022-07-08,SRTP
2022-07-10,LC3
2022-07-11,LC3
2022-07-12,LC3
2022-07-13,LC3
2022-07-13,SRTP
2022-07-14,LC3
2022-07-15,LC3
2022-07-16,LC3
2022-07-18,LC3
2022-07-19,LC3
2022-07-20,LC3
2022-07-20,SRTP
2022-07-21,LC3
2022-07-21,SRTP
2022-07-22,LC3
2022-07-22,SRTP
2022-07-22,OpenGL
2022-07-23,SRTP
